{
  "alpha_range": [
    0.85,
    0.855,
    0.86,
    0.865,
    0.87,
    0.875,
    0.88,
    0.885,
    0.89,
    0.895,
    0.9,
    0.905,
    0.91,
    0.915,
    0.92,
    0.925,
    0.93,
    0.935,
    0.9400000000000001,
    0.9450000000000001,
    0.95,
    0.9550000000000001,
    0.96,
    0.9650000000000001,
    0.97,
    0.9750000000000001,
    0.98,
    0.985,
    0.99,
    0.995,
    1.0,
    1.0050000000000001,
    1.01,
    1.0150000000000001,
    1.02,
    1.0250000000000001,
    1.03,
    1.0350000000000001,
    1.04,
    1.045,
    1.05
  ],
  "sigma2_values": [
    0.00018005988429121604,
    0.00017980277572901467,
    0.0001795576359428242,
    0.00017932446981701474,
    0.00017910328226284215,
    0.00017889407821846716,
    0.00017869686264897374,
    0.0001785116405463876,
    0.00017833841692969525,
    0.00017817719684486277,
    0.00017802798536485455,
    0.00017789078758965278,
    0.0001777656086462754,
    0.00017765245368879702,
    0.00017755132789836706,
    0.00017746223648322905,
    0.00017738518467874092,
    0.0001773201777473937,
    0.00017726722097883242,
    0.00017722631968987443,
    0.0001771974792245298,
    0.00017718070495402187,
    0.00017717600227680656,
    0.0001771833766185928,
    0.0001772028334323633,
    0.0001772343781983934,
    0.00017727801642427267,
    0.00017733375364492566,
    0.0001774015954226318,
    0.0001774815473470459,
    0.0001775736150352201,
    0.00017767780413162343,
    0.00017779412030816382,
    0.0001779225692642088,
    0.00017806315672660642,
    0.00017821588844970678,
    0.00017838077021538394,
    0.00017855780783305615,
    0.00017874700713970846,
    0.0001789483739999143,
    0.00017916191430585664
  ],
  "gauge_contribution": [
    5.389761501202016e-06,
    5.037156300850073e-06,
    4.696432021995466e-06,
    4.367593457194674e-06,
    4.050645425759227e-06,
    3.745592773773952e-06,
    3.452440374115338e-06,
    3.171193126469967e-06,
    2.9018559573530593e-06,
    2.6444338201270964e-06,
    2.3989316950205345e-06,
    2.1653545891466214e-06,
    1.943707536522293e-06,
    1.7339955980871783e-06,
    1.5362238617226763e-06,
    1.3503974422711404e-06,
    1.1765214815551521e-06,
    1.0146011483968848e-06,
    8.646416386375647e-07,
    7.266481751570165e-07,
    6.006260078933155e-07,
    4.865804138625107e-07,
    3.8451669717848243e-07,
    2.944401890728324e-07,
    2.1635624791493524e-07,
    1.5027025923201929e-07,
    9.618763572939937e-08,
    5.411381731075352e-08,
    2.4054271098531315e-08,
    6.014491454434443e-09,
    0.0,
    6.0163456372766164e-09,
    2.40691045695937e-08,
    5.4163880322430095e-08,
    9.630630376436719e-08,
    1.5050203312815454e-07,
    2.1675675403184475e-07,
    2.9507617950005694e-07,
    3.854660499852942e-07,
    4.879321333894018e-07,
    6.024802250850894e-07
  ],
  "yukawa_contribution": [
    0.00017467012279001403,
    0.0001747656194281646,
    0.00017486120392082874,
    0.00017495687635982006,
    0.00017505263683708294,
    0.0001751484854446932,
    0.0001752444222748584,
    0.00017534044741991761,
    0.00017543656097234218,
    0.00017553276302473568,
    0.00017562905366983402,
    0.00017572543300050617,
    0.0001758219011097531,
    0.00017591845809070985,
    0.00017601510403664439,
    0.00017611183904095792,
    0.00017620866319718577,
    0.00017630557659899682,
    0.00017640257934019486,
    0.0001764996715147174,
    0.00017659685321663648,
    0.00017669412454015935,
    0.00017679148557962808,
    0.00017688893642952,
    0.00017698647718444836,
    0.0001770841079391614,
    0.00017718182878854327,
    0.0001772796398276149,
    0.00017737754115153327,
    0.00017747553285559146,
    0.0001775736150352201,
    0.00017767178778598614,
    0.00017777005120359424,
    0.00017786840538388637,
    0.00017796685042284206,
    0.00017806538641657862,
    0.0001781640134613521,
    0.0001782627316535561,
    0.00017836154108972317,
    0.0001784604418665249,
    0.00017855943408077155
  ],
  "optimum": {
    "alpha": 0.96,
    "sigma2": 0.00017717600227680656
  }
}