{
  "inputs_at_MZ": {
    "M_Z_GeV": 91.1876,
    "alpha_1_GUT": 0.016943494601794864,
    "alpha_2": 0.03380110659969169,
    "alpha_3": 0.1179,
    "inv_alpha_1": 59.019701867999984,
    "inv_alpha_2": 29.584830219999997,
    "inv_alpha_3": 8.481764206955047
  },
  "SM_1loop": {
    "mu_min_GeV": 158651090291457.47,
    "log10_mu_min": 14.200443061031052,
    "delta_min": 5.081565683392671,
    "inv_alpha_at_min": [
      40.62811962979034,
      43.789710810177006,
      39.882026566998114
    ]
  },
  "MSSM_1loop": {
    "mu_min_GeV": 2.1195586824367724e+16,
    "log10_mu_min": 16.326245445016376,
    "delta_min": 0.06514222535137901,
    "inv_alpha_at_min": [
      24.272088611168872,
      24.32004033300825,
      24.276133866444376
    ]
  },
  "notes": "Calcul 1-loop uniquement. Pas de seuils de masse. R\u00e9sultat reproductible."
}