{
  "y_t / g_3": {
    "mu_stationary": 907790689831.072,
    "log10_mu": 11.957985724368799,
    "ratio_at_stat": 0.8849072713147758,
    "ratio_at_MZ": 0.8152166322561912,
    "ratio_at_MPl": 0.8693086326837988,
    "variation_MZ_to_MPl_pct": 6.635291563900342,
    "min_rel_derivative": 5.611315996361421e-08
  },
  "y_t^2 / g_3^2": {
    "mu_stationary": 907790689831.072,
    "log10_mu": 11.957985724368799,
    "ratio_at_stat": 0.7830608788257623,
    "ratio_at_MZ": 0.6645781575071261,
    "ratio_at_MPl": 0.7556974988585757,
    "variation_MZ_to_MPl_pct": 13.710854069180353,
    "min_rel_derivative": 1.1222635435336365e-07
  },
  "y_t / sqrt(g_1^2+g_2^2+g_3^2)": {
    "mu_stationary": 91.18759999999997,
    "log10_mu": 1.959935785502633,
    "ratio_at_stat": 0.6816221782983258,
    "ratio_at_MZ": 0.6816221782983258,
    "ratio_at_MPl": 0.45599054265359973,
    "variation_MZ_to_MPl_pct": -33.10215583184469,
    "min_rel_derivative": 0.0071323664009027305
  },
  "y_t^2 / (g_1^2+g_2^2+g_3^2)": {
    "mu_stationary": 91.18759999999997,
    "log10_mu": 1.959935785502633,
    "ratio_at_stat": 0.46460879394815463,
    "ratio_at_MZ": 0.46460879394815463,
    "ratio_at_MPl": 0.20792737498952432,
    "variation_MZ_to_MPl_pct": -55.24678445653208,
    "min_rel_derivative": 0.014264632492322888
  },
  "y_t / (g_1 g_2 g_3)^(1/3)": {
    "mu_stationary": 2.0109901346591754e+17,
    "log10_mu": 17.3034099400778,
    "ratio_at_stat": 0.8337542431067039,
    "ratio_at_MZ": 1.3871453876368942,
    "ratio_at_MPl": 0.7981925556124212,
    "variation_MZ_to_MPl_pct": -42.457902197822115,
    "min_rel_derivative": 0.010595362548325068
  },
  "y_t^2 / (5/3 g_1^2 + 3 g_2^2 + 8 g_3^2)": {
    "mu_stationary": 8014.604795939005,
    "log10_mu": 3.9038821119459906,
    "ratio_at_stat": 0.07421203857921489,
    "ratio_at_MZ": 0.07303380171426305,
    "ratio_at_MPl": 0.05474585812212219,
    "variation_MZ_to_MPl_pct": -25.040382895156526,
    "min_rel_derivative": 9.517939615343539e-07
  },
  "y_t^2 / (17/20 g_1^2 + 9/4 g_2^2 + 8 g_3^2)": {
    "mu_stationary": 291765.35494315275,
    "log10_mu": 5.465033721243894,
    "ratio_at_stat": 0.07884309341587127,
    "ratio_at_MZ": 0.07580266692828706,
    "ratio_at_MPl": 0.06446314799281953,
    "variation_MZ_to_MPl_pct": -14.959261190896166,
    "min_rel_derivative": 3.1070353300642845e-07
  }
}