{"step": [51, 101, 151, 201, 251, 301, 351, 401, 451, 501, 551, 601, 651, 701, 751, 801, 850, 850, 850, 851], "loss": [219.1458740234375, 133.78646850585938, 73.12458038330078, 41.664241790771484, 32.38766860961914, 26.409317016601562, 22.103439331054688, 20.531217575073242, 17.78643798828125, 15.275125503540039, 14.132143020629883, 12.99575424194336, 12.108133316040039, 11.585737228393555, 10.781330108642578, 10.761463165283203, 11.829187393188477, 12.157609939575195, 12.423169136047363, 12.188297271728516], "vram": [10930.356224, 10930.356224, 10930.356224, 10930.356224, 10930.356224, 10930.356224, 10930.356224, 10930.356224, 10930.356224, 10930.356224, 10930.356224, 10930.356224, 10930.356224, 10930.356224, 10930.356224, 10930.356224, 16160.653312, 16160.653312, 16160.653312, 16160.653312], "it_s": [1.9635124007372236, 1.4543896046073832, 1.376432613509721, 1.6478196062963046, 1.8717176472688246, 1.706013444559192, 1.6389505849621357, 1.995137620744883, 2.075193341655275, 2.04811800679922, 1.6870394563251752, 1.6480371547683133, 1.8145793522412583, 1.6440668930720577, 1.6803853468518295, 1.751144277734566, 0.06040665131857485, 0.4876933219693754, 0.47321529306533733, 0.46560841862023383], "lr": [1.3499942356301127e-05, 2.673517996051792e-05, 3.9970417564734714e-05, 5.3205655168951504e-05, 6.64408927731683e-05, 7.967613037738508e-05, 9.291136798160187e-05, 0.00010614660558581866, 0.00011938184319003547, 0.00013235237604216791, 0.00013235207616510251, 0.00013235117653692604, 0.00013234967716669777, 0.00013234757806951635, 0.00013234487926651965, 0.00013234158078488458, 0.00029996669485328367, 0.00029996669485328367, 0.00029996669485328367, 0.00029996669485328367], "temp": [0.5, 0.5, 0.5, 0.5, 0.5, 0.5, 0.5, 0.5, 0.5, 0.5, 0.5, 0.5, 0.5, 0.5, 0.5, 0.5, 0.8, 0.8, 0.8, 0.8], "penalty": [2.3, 2.3, 2.3, 2.3, 2.3, 2.3, 2.3, 2.3, 2.3, 2.3, 2.3, 2.3, 2.3, 2.3, 2.3, 2.3, 1.5, 1.5, 1.5, 1.5], "avg_steps": [12.0, 12.0, 12.0, 12.0, 12.0, 12.0, 12.0, 12.0, 12.0, 12.0, 12.0, 12.0, 12.0, 12.0, 12.0, 12.0, 8.0, 8.0, 8.0, 8.0], "main_loss": [219.11599731445312, 133.75999450683594, 73.09966278076172, 41.63494110107422, 32.359458923339844, 26.383197784423828, 22.078689575195312, 20.507305145263672, 17.763324737548828, 15.252585411071777, 14.109516143798828, 12.97392463684082, 12.086721420288086, 11.564456939697266, 10.760337829589844, 10.740556716918945, 11.827166557312012, 12.15558910369873, 12.421146392822266, 12.186279296875], "eq_loss": [0.015470883809030056, 0.014767996966838837, 0.01479572243988514, 0.019496480002999306, 0.02103734388947487, 0.021445926278829575, 0.02179151587188244, 0.021830126643180847, 0.021540850400924683, 0.02133723348379135, 0.02168441191315651, 0.020899388939142227, 0.020491953939199448, 0.020361794158816338, 0.020084358751773834, 0.02001081593334675, 0.0015586414374411106, 0.001557103474624455, 0.001559106633067131, 0.0015556949656456709], "diff_loss": [0.0, 0.0, 0.0, 0.0, 0.0, 0.0, 0.0, 0.0, 0.0, 0.0, 0.0, 0.0, 0.0, 0.0, 0.0, 0.0, 0.0, 0.0, 0.0, 0.0], "total_loss": [219.1458740234375, 133.78646850585938, 73.12458038330078, 41.664241790771484, 32.38766860961914, 26.409317016601562, 22.103439331054688, 20.531217575073242, 17.78643798828125, 15.275125503540039, 14.132143020629883, 12.99575424194336, 12.108133316040039, 11.585737228393555, 10.781330108642578, 10.761463165283203, 11.829187393188477, 12.157609939575195, 12.423169136047363, 12.188297271728516], "diff_turb": [0.44202524423599243, 0.4219427704811096, 0.42273491621017456, 0.5570423007011414, 0.6010669469833374, 0.6127407550811768, 0.6226147413253784, 0.6237179040908813, 0.6154528856277466, 0.6096352338790894, 0.6195546388626099, 0.5971254110336304, 0.5854843854904175, 0.5817655324935913, 0.5738388299942017, 0.5717375874519348, 0.6160638332366943, 0.6154559254646301, 0.6162477135658264, 0.614899218082428], "diff_reg": [0.0, 0.0, 0.0, 0.0, 0.0, 0.0, 0.0, 0.0, 0.0, 0.0, 0.0, 0.0, 0.0, 0.0, 0.0, 0.0, 0.0, 0.0, 0.0, 0.0], "gate_reg": [0.00011058305244660005, 0.00011062080011470243, 0.00011070314212702215, 0.0001144863199442625, 0.00013696661335416138, 0.0001649618789087981, 0.00018598538008518517, 0.0002036276418948546, 0.0002211087557952851, 0.00024955844855867326, 0.0002687034721020609, 0.00026301125762984157, 0.00026758757303468883, 0.00027771733584813774, 0.0002787674020510167, 0.00027850447804667056, 0.0003033709363080561, 0.00030323120881803334, 0.0003032131935469806, 0.0003032197419088334], "grad_loss": [2.859375, 2.3203125, 2.001953125, 1.9384765625, 1.4072265625, 0.90185546875, 0.55419921875, 0.375732421875, 0.27001953125, 0.1905517578125, 0.134765625, 0.13330078125, 0.13037109375, 0.1280517578125, 0.1258544921875, 0.1234130859375, 0.187744140625, 0.1881103515625, 0.1881103515625, 0.187255859375], "tokens_seen": [208896, 413696, 618496, 823296, 1028096, 1232896, 1437696, 1642496, 1847296, 2052096, 2256896, 2461696, 2666496, 2871296, 3076096, 3280896, 27852800, 27852800, 27852800, 27885568]}